-- use master
-- go
-- drop database DentalClinic
-- go
create database DentalClinic
go po

use DentalClinic
go
-- QuanTriVien(MaQTV, TenQTV, NgaySinh, GioiTinh, DiaChi, SĐT, TaiKhoan, MatKhau)
-- Foreign Key:
create table QuanTriVien(
    MaQTV int primary key,
    TenQTV nvarchar(50) not null,
    NgaySinh date,
    GioiTinh nvarchar(5),
    DiaChi nvarchar(100),
    SDT varchar(15),
    TaiKhoan varchar(50) unique,
    MatKhau varchar(256)
)
-- NhanVien(MaNV, TenNV, NgaySinh, GioiTinh, DiaChi, SĐT, TaiKhoan, MatKhau, ViTri)
-- Foreign Key:
create table NhanVien(
    MaNV int primary key,
    TenNV nvarchar(50) not null,
    NgaySinh date,
    GioiTinh nvarchar(5),
    DiaChi nvarchar(100),
    SDT varchar(15),
    TaiKhoan varchar(50) unique,
    MatKhau varchar(256),
    ViTri nvarchar(30)
)
-- NhaSi(MaNhaSi, TenNhaSi, NgaySinh, GioiTinh, DiaChi, SĐT, TaiKhoan, MatKhau, HocVan,AnhDaiDien)
-- Foreign Key:
create table NhaSi(
    MaNhaSi int primary key,
    TenNhaSi nvarchar(50) not null,
    NgaySinh date,
    GioiTinh nvarchar(5),
    DiaChi nvarchar(100),
    SDT varchar(15),
    TaiKhoan varchar(50) unique,
    MatKhau varchar(256),
    HocVan nvarchar(30),
    AnhDaiDien nvarchar(200)       -- Link Nevigation
)
-- -- CaLamViec(Ngay, GioBatDau, GioKetThuc)
-- Foreign Key:
create table CaLamViec(
    Ngay nvarchar(10),
    GioBatDau time,
    GioKetThuc time
    primary key(Ngay, GioBatDau, GioKetThuc)
)
-- ChiTietCaLamViec(MaNhaSi, Ngay, GioBatDau, GioKetThuc)
-- Foreign Key: (MaNhaSi), (Ngay, GioBatDau, GioKetThuc)
create table ChiTietCaLamViec(
    MaNhaSi int,
    Ngay nvarchar(10),
    GioBatDau time,
    GioKetThuc time
    primary key(MaNhaSi, Ngay, GioBatDau, GioKetThuc)
)
-- FK_ChiTietCaLamViec_NhaSi: ChiTietCaLamViec(MaNhaSi) --> NhaSi(MaNhaSi)
alter table ChiTietCaLamViec add constraint FK_ChiTietCaLamViec_NhaSi foreign key(MaNhaSi) references NhaSi(MaNhaSi)
-- FK_ChiTietCaLamViec_CaLamViec: ChiTietCaLamViec(Ngay, GioBatDau, GioKetThuc,MaChiNhanh) --> CaLamViec(Ngay, GioBatDau, GioKetThuc,MaChiNhanh)
alter table ChiTietCaLamViec add constraint FK_ChiTietCaLamViec_CaLamViec foreign key(Ngay, GioBatDau, GioKetThuc) references CaLamViec(Ngay, GioBatDau, GioKetThuc)

-- BenhNhan(MaBenhNhan, TenBenhNhan, NgaySinh, GioiTinh, DiaChi, SDT, TaiKhoan, MatKhau, TinhTrang)
-- -- Foreign Key:
create table BenhNhan(
    MaBenhNhan int primary key,
    TenBenhNhan nvarchar(50) not null,
    NgaySinh date,
    GioiTinh nvarchar(5),
    DiaChi nvarchar(100),
    SDT varchar(15),
    TaiKhoan varchar(50) unique,
    MatKhau varchar(256),

)
-- BenhAn(MaBenhNhan, MaBenhAn, ChongChiDinhThuoc ,TinhTrang)
-- Foreign Key: (MaBenhNhan)
create table BenhAn(
    MaBenhNhan int, 
    MaBenhAn int,
    ChongChiDinhThuoc nvarchar(256),
    TinhTrang nvarchar(50)
    primary key(MaBenhNhan, MaBenhAn)
)
-- FK_BenhAn_BenhNhan: BenhAn(MaBenhNhan) --> BenhNhan(MaBenhNhan)
alter table BenhAn add constraint FK_BenhAn_BenhNhan foreign key(MaBenhNhan) references BenhNhan(MaBenhNhan)





-- DanhMucDieuTri(MaDieuTri, LoaiDieuTri, PhuongPhap, DonVi, DonGia, ThoiGianBaoHanh)
-- Foreign Key:
create table DanhMucDieuTri(
    MaDieuTri int primary key,
    LoaiDieuTri nvarchar(100),
    DonVi nvarchar(15),
    DonGia int,
    ThoiGianBaoHanh nvarchar(20)
)



-- LichHen(MaLichHen, NgayGioHen, Phong, GhiChu, ThoiGianYeuCau, NhaSiKham, MaBenhNhan,MaDieuTri)
-- Foreign Key: (NhaSiKham) (MaBenhNhan) (MaDieuTri)
create table LichHen(
    MaLichHen int primary key,
    NgayGioHen datetime,
    Phong nvarchar(30),
    GhiChu nvarchar(50),
    ThoiGianYeuCau datetime,
    TinhTrang nvarchar(20),
    NhaSiKham int,
    MaBenhNhan int,
    MaDieuTri int,
)
-- FK_LichHen_NhaSi: LichHen(NhaSiKham) --> NhaSi(MaNhaSi)
alter table LichHen add constraint FK_LichHen_NhaSi foreign key(NhaSiKham) references NhaSi(MaNhaSi)
-- FK_LichHen_BenhNhan: LichHen(MaBenhNhan) --> BenhNhan(MaBenhNhan)
alter table LichHen add constraint FK_LichHen_BenhNhan foreign key(MaBenhNhan) references BenhNhan(MaBenhNhan)
-- FK_LichHen_PhongKham: LichHen(MaChiNhanh) --> DanhMucDieuTri(MaDieuTri)
alter table LichHen add constraint FK_LichHen_DanhMucDieuTri foreign key(MaDieuTri) references DanhMucDieuTri(MaDieuTri)

-- ChiTietDieuTri(MaBenhNhan, MaBenhAn, MaDieuTri, TinhTrang, NgayBatDau, NgayKetThuc)
-- Foreign Key: (MaBenhNhan, MaBenhAn), (MaDieuTri)
create table ChiTietDieuTri(
    MaBenhNhan int,
    MaBenhAn int,
    MaDieuTri int,
    TinhTrang nvarchar(20),
    NgayBatDau date,
    NgayKetThuc date,
)

-- FK_ChiTietDieuTri_DanhMucDieuTri: KeHoachDieuTri(MaDieuTri) --> DanhMucDieuTri(MaDieuTri)
alter table ChiTietDieuTri add constraint FK_ChiTietDieuTri_DanhMucDieuTri foreign key(MaDieuTri) references DanhMucDieuTri(MaDieuTri)
-- FK_ChiTietDieuTri_BenhAn: ChiTietDieuTri(MaBenhNhan, MaBenhAn) --> BenhAn(MaBenhNhan, MaBenhAm)
alter table ChiTietDieuTri add constraint FK_ChiTietDieuTri_BenhAn foreign key(MaBenhNhan, MaBenhAn) references BenhAn(MaBenhNhan, MaBenhAn)







-- =======================================GENERATE DATA=============================================

-- NHANVIEN 
INSERT INTO NhanVien (MaNV, TenNV, NgaySinh, GioiTinh, DiaChi, SDT, TaiKhoan, ViTri)
VALUES
  (20000, N'Lê Hoàng Quân', '1966-4-11', N'Nam', N'Quảng Ngãi', '+84 971196599', 'NV_20000', N'Thu ngân'),
  (20001, N'Đặng Văn Đức', '1957-3-21', N'Nam', N'Cao Bằng', '+84 929256544', 'NV_20001', N'Thu ngân'),
  (20002, N'Hồ Thị Hạnh', '1972-7-28', N'Nữ', N'Bắc Ninh', '+84 956216186', 'NV_20002', N'Thu ngân'),
  (20003, N'Hoàng Minh Mai', '1956-4-3', N'Nữ', N'Bà Rịa - Vũng Tàu', '+84 939630833', 'trjWmX6L', N'Thu ngân'),
  (20004, N'Hồ Duy Dũng', '1986-8-25', N'Nam', N'Khánh Hòa', '+84 974243155', 'NV_20004', N'Thu ngân'),
  (20005, N'Hoàng Hoàng Hà', '1994-1-18', N'Nữ', N'Cần Thơ', '+84 943252299', 'NV_20005', N'Lễ tân'),
  (20006, N'Lê Quốc Hải', '1993-3-20', N'Nam', N'Thừa Thiên Huế', '+84 951851716', 'NV_20006', N'Thu ngân'),
  (20007, N'Hồ Hoàng Đức', '1975-7-20', N'Nam', N'Vĩnh Phúc', '+84 956445571', 'NV_20007', N'Thu ngân'),
  (20008, N'Hoàng Minh Linh', '1992-7-14', N'Nam', N'Đắk Lắk', '+84 987341451', 'NV_20008', N'Lễ tân'),
  (20009, N'Bùi Duy Linh', '1986-8-14', N'Nam', N'Bạc Liêu', '+84 925774410', 'NV_20009', N'Thu ngân'),
  (20010, N'Đặng Minh Hà', '1982-7-3', N'Nữ', N'Quảng Bình', '+84 988385487', 'NV_20010', N'Thu ngân'),
  (20011, N'Đỗ Minh Hà', '1979-11-27', N'Nữ', N'Bình Dương', '+84 996438126', 'NV_20011', N'Thu ngân'),
  (20012, N'Trần Duy Hương', '1957-10-12', N'Nữ', N'Hưng Yên', '+84 965267944', 'NV_20012',  N'Thu ngân'),
  (20013, N'Trần Hoàng Dũng', '1991-9-6', N'Nam', N'Thanh Hóa', '+84 930514602', 'NV_20013',  N'Thu ngân'),
  (20014, N'Lê Kim Mai', '1976-11-15', N'Nữ', N'Bình Thuận', '+84 990119447', 'NV_20014',  N'Lễ tân'),
  (20015, N'Bùi Kim Minh', '1970-1-28', N'Nam', N'Ninh Thuận', '+84 981308834', 'NV_20015',  N'Lễ tân'),
  (20016, N'Hồ Phương Quân', '1979-11-18', N'Nam', N'Bình Thuận', '+84 937908195', 'NV_20016',  N'Thu ngân'),
  (20017, N'Phạm Thị Hạnh', '1991-3-13', N'Nữ', N'Hồ Chí Minh', '+84 953236979', 'NV_20017',  N'Thu ngân'),
  (20018, N'Lê Phương Anh', '1973-6-17', N'Nam', N'Quảng Ninh', '+84 988242293', 'NV_20018', N'Thu ngân'),
  (20019, N'Bùi Văn Hùng', '1996-7-23', N'Nam', N'Khánh Hòa', '+84 995391772', 'NV_20019', N'Lễ tân');

-- QuanTriVien 
INSERT INTO QuanTriVien (MaQTV, TenQTV, NgaySinh, GioiTinh, DiaChi, SDT, TaiKhoan)
VALUES
  (10000, N'Trần Hoàng Anh', '1965-11-25', N'Nam', N'Đắk Lắk', '+84 944863835', 'QT_10000'),
  (10001, N'Nguyễn Hồng Minh', '1996-2-4', N'Nam', N'Ninh Thuận', '+84 955902578', 'QT_10001');

-- BenhNhan 
INSERT INTO BenhNhan (MaBenhNhan, TenBenhNhan, NgaySinh, GioiTinh, DiaChi, SDT, TaiKhoan)
VALUES
  (30000, N'Nguyễn Hồng Hạnh', '1964-2-16', N'Nữ', N'Điện Biên', '+84 990377965', 'BN_30000'),
  (30001, N'Đỗ Hồng Nhật', '1958-7-10', N'Nam', N'Sóc Trăng', '+84 943781328', 'BN_30001'),
  (30002, N'Phạm Phương Thu', '1966-10-7', N'Nữ', N'Bình Phước', '+84 974588541', 'BN_30002'),
  (30003, N'Lê Hồng Trang', '1952-8-8', N'Nữ', N'Đắk Lắk', '+84 985402354', 'BN_30003'),
  (30004, N'Bùi Như Quân', '1968-5-20', N'Nam', N'Lạng Sơn', '+84 947843622', 'BN_30004'),
  (30005, N'Phạm Như Thảo', '1968-7-22', N'Nữ', N'Vĩnh Phúc', '+84 943836765', 'BN_30005'),
  (30006, N'Lê Hoàng Thu', '1968-3-13', N'Nữ', N'Bến Tre', '+84 974440429', 'BN_30006'),
  (30007, N'Bùi Hồng Thảo', '1996-4-17', N'Nữ', N'Thanh Hóa', '+84 929973900', 'BN_30007'),
  (30008, N'Hoàng Như Ngọc', '1992-5-16', N'Nữ', N'Bình Dương', '+84 977756488', 'BN_30008'),
  (30009, N'Hoàng Hoàng Thảo', '1987-7-14', N'Nữ', N'Hà Tĩnh', '+84 974480679', 'BN_30009'),
  (30010, N'Trần Phương Dũng', '1971-9-14', N'Nam', N'Lâm Đồng', '+84 990231980', 'BN_30010'),
  (30011, N'Lê Thị Hoài', '1977-5-24', N'Nữ', N'Hưng Yên', '+84 990961983', 'BN_30011'),
  (30012, N'Lê Duy Nhật', '1986-4-10', N'Nam', N'Hà Nội', '+84 981693631', 'BN_30012'),
  (30013, N'Đặng Minh Anh', '1950-9-3', N'Nam', N'Ninh Thuận', '+84 994188703', 'BN_30013'),
  (30014, N'Hoàng Minh Thu', '1952-8-20', N'Nữ', N'Cần Thơ', '+84 974800193', 'BN_30014'),
  (30015, N'Trần Quốc Đức', '1955-8-2', N'Nam', N'Bắc Ninh', '+84 929453575', 'BN_30015'),
  (30016, N'Đỗ Phương Mai', '1988-7-2', N'Nữ', N'Bến Tre', '+84 931269342', 'BN_30016'),
  (30017, N'Bùi Phương Anh', '1972-5-19', N'Nam', N'Hậu Giang', '+84 945744659', 'BN_30017'),
  (30018, N'Bùi Hồng Trang', '1986-2-4', N'Nữ', N'Tuyên Quang', '+84 918427125', 'BN_30018'),
  (30019, N'Lê Hồng Lan', '1955-1-1', N'Nữ', N'Quảng Ngãi', '+84 914635419', 'BN_30019'),
  (30020, N'Bùi Như Quân', '1997-6-16', N'Nam', N'Đắk Lắk', '+84 925543654', 'BN_30020'),
  (30021, N'Trần Minh Hải', '1977-2-12', N'Nam', N'Hải Dương', '+84 934899328', 'BN_30021'),
  (30022, N'Lê Duy Trang', '1957-2-11', N'Nữ', N'Gia Lai', '+84 961965292', 'BN_30022'),
  (30023, N'Hồ Hồng Anh', '1975-3-12', N'Nam', N'Hà Tĩnh', '+84 911942390', 'BN_30023'),
  (30024, N'Bùi Hoàng Linh', '1981-4-7', N'Nam', N'Ninh Thuận', '+84 921812102', 'BN_30024'),
  (30025, N'Trần Kim Dũng', '1953-5-12', N'Nam', N'Lai Châu', '+84 942580434', 'BN_30025'),
  (30026, N'Bùi Hồng Tuấn', '1963-1-16', N'Nam', N'Long An', '+84 956654974', 'BN_30026'),
  (30027, N'Hoàng Kim Thảo', '1982-11-15', N'Nữ', N'Đà Nẵng', '+84 943597934', 'BN_30027'),
  (30028, N'Đỗ Hoàng Thu', '1972-12-20', N'Nữ', N'Gia Lai', '+84 937439549', 'BN_30028'),
  (30029, N'Đỗ Hoàng Ngọc', '1960-6-14', N'Nữ', N'Hà Tĩnh', '+84 932591535', 'BN_30029'),
  (30030, N'Hoàng Như Thảo', '1997-6-22', N'Nữ', N'Vĩnh Long', '+84 990641988', 'BN_30030'),
  (30031, N'Bùi Quốc Nhật', '1954-4-10', N'Nam', N'Đồng Tháp', '+84 952467781', 'BN_30031'),
  (30032, N'Vũ Hoàng Mai', '1992-11-22', N'Nữ', N'Nam Định', '+84 975402459', 'BN_30032'),
  (30033, N'Đặng Minh Linh', '1994-2-11', N'Nam', N'Bến Tre', '+84 972843733', 'BN_30033'),
  (30034, N'Phạm Hồng Đức', '1979-1-13', N'Nam', N'Quảng Trị', '+84 994257451', 'BN_30034'),
  (30035, N'Lê Như Minh', '1962-12-9', N'Nam', N'Hải Phòng', '+84 913823768', 'BN_30035'),
  (30036, N'Phạm Quốc Minh', '1978-8-21', N'Nam', N'Đồng Nai', '+84 912536429', 'BN_30036'),
  (30037, N'Trần Hoàng Trang', '1972-1-8', N'Nữ', N'Tây Ninh', '+84 953306302', 'BN_30037'),
  (30038, N'Vũ Duy Hạnh', '1959-7-9', N'Nữ', N'Vĩnh Long', '+84 912158120', 'BN_30038'),
  (30039, N'Phạm Kim Hương', '1993-4-20', N'Nữ', N'Bạc Liêu', '+84 997933798', 'BN_30039'),
  (30040, N'Đỗ Duy Hạnh', '1978-9-22', N'Nữ', N'Quảng Bình', '+84 962708480', 'BN_30040'),
  (30041, N'Trần Thị Hương', '1984-12-3', N'Nữ', N'Bắc Ninh', '+84 969177283', 'BN_30041'),
  (30042, N'Bùi Phương Mai', '1993-1-17', N'Nữ', N'Bắc Ninh', '+84 971230503', 'BN_30042'),
  (30043, N'Nguyễn Minh Lan', '1987-12-6', N'Nữ', N'Nam Định', '+84 977300353', 'BN_30043'),
  (30044, N'Bùi Phương Trang', '1973-1-26', N'Nữ', N'Quảng Nam', '+84 975808770', 'BN_30044'),
  (30045, N'Bùi Duy Hương', '1986-6-17', N'Nữ', N'Bình Dương', '+84 967178898', 'BN_30045'),
  (30046, N'Nguyễn Quốc Hùng', '1984-6-3', N'Nam', N'Quảng Bình', '+84 999205592', 'BN_30046'),
  (30047, N'Đỗ Kim Anh', '1989-2-6', N'Nam', N'An Giang', '+84 997301804', 'BN_30047'),
  (30048, N'Trần Như Minh', '1978-5-23', N'Nam', N'Khánh Hòa', '+84 974267674', 'BN_30048'),
  (30049, N'Nguyễn Kim Hùng', '1955-11-24', N'Nam', N'Cần Thơ', '+84 958237464', 'BN_30049'),
  (30050, N'Đặng Phương Hương', '1965-4-18', N'Nữ', N'Lào Cai', '+84 946881208', 'BN_30050'),
  (30051, N'Hồ Quốc Linh', '1978-9-27', N'Nam', N'Hà Nam', '+84 921925502', 'BN_30051'),
  (30052, N'Vũ Văn Linh', '1990-1-13', N'Nam', N'Quảng Nam', '+84 962547912', 'BN_30052'),
  (30053, N'Đỗ Hoàng Hạnh', '1957-10-20', N'Nữ', N'Đắk Nông', '+84 958766237', 'BN_30053'),
  (30054, N'Bùi Như Tuấn', '1968-6-9', N'Nam', N'Quảng Bình', '+84 943882937', 'BN_30054'),
  (30055, N'Phạm Phương Hương', '1988-4-21', N'Nữ', N'Kon Tum', '+84 967721624', 'BN_30055'),
  (30056, N'Trần Hoàng Tuấn', '1959-3-11', N'Nam', N'Nghệ An', '+84 977861649', 'BN_30056'),
  (30057, N'Lê Minh Đức', '1982-2-2', N'Nam', N'Đồng Tháp', '+84 999631119', 'BN_30057'),
  (30058, N'Đỗ Hồng Hạnh', '1968-8-17', N'Nữ', N'Thái Bình', '+84 977496579', 'BN_30058'),
  (30059, N'Nguyễn Hoàng Trang', '1990-8-2', N'Nữ', N'Hưng Yên', '+84 987759536', 'BN_30059'),
  (30060, N'Đặng Hồng Hương', '1957-8-12', N'Nữ', N'Đồng Nai', '+84 977291438', 'BN_30060'),
  (30061, N'Đỗ Hồng Quân', '1957-12-20', N'Nam', N'Lạng Sơn', '+84 953249850', 'BN_30061'),
  (30062, N'Bùi Duy Đức', '1986-6-21', N'Nam', N'Thừa Thiên Huế', '+84 947336359', 'BN_30062'),
  (30063, N'Bùi Thị Ngọc', '1986-8-20', N'Nữ', N'Vĩnh Phúc', '+84 974289855', 'BN_30063'),
  (30064, N'Nguyễn Duy Dũng', '1957-1-22', N'Nam', N'Long An', '+84 939683185', 'BN_30064'),
  (30065, N'Hồ Phương Mai', '1976-2-17', N'Nữ', N'Long An', '+84 939710800', 'BN_30065'),
  (30066, N'Hoàng Minh Hương', '1988-11-15', N'Nữ', N'Quảng Ninh', '+84 922811401', 'BN_30066'),
  (30067, N'Vũ Hoàng Hải', '1989-9-11', N'Nam', N'Nam Định', '+84 952549761', 'BN_30067'),
  (30068, N'Nguyễn Phương Anh', '1988-6-24', N'Nam', N'Quảng Ngãi', '+84 980639721', 'BN_30068'),
  (30069, N'Đỗ Kim Anh', '1968-7-25', N'Nam', N'Thái Bình', '+84 978760790', 'BN_30069'),
  (30070, N'Đặng Văn Minh', '1978-5-5', N'Nam', N'Kiên Giang', '+84 926770344', 'BN_30070'),
  (30071, N'Trần Quốc Đức', '1959-9-21', N'Nam', N'Điện Biên', '+84 944850489', 'BN_30071'),
  (30072, N'Bùi Kim Ngọc', '1967-4-19', N'Nữ', N'Hà Nội', '+84 928419950', 'BN_30072'),
  (30073, N'Hoàng Phương Hạnh', '1966-4-26', N'Nữ', N'Quảng Nam', '+84 981875280', 'BN_30073'),
  (30074, N'Lê Minh Đức', '1981-11-1', N'Nam', N'Lai Châu', '+84 992367600', 'BN_30074'),
  (30075, N'Bùi Minh Hạnh', '1962-12-14', N'Nữ', N'Long An', '+84 980567755', 'BN_30075'),
  (30076, N'Bùi Kim Trang', '1982-7-1', N'Nữ', N'Trà Vinh', '+84 960903562', 'BN_30076'),
  (30077, N'Hồ Phương Thu', '1954-2-7', N'Nữ', N'Lai Châu', '+84 988118616', 'BN_30077'),
  (30078, N'Hồ Duy Hà', '1976-5-3', N'Nữ', N'Long An', '+84 972124887', 'BN_30078'),
  (30079, N'Lê Hồng Hải', '1968-2-24', N'Nam', N'Thừa Thiên Huế', '+84 968183962', 'BN_30079'),
  (30080, N'Hồ Kim Thu', '1981-4-5', N'Nữ', N'Đắk Nông', '+84 954584433', 'BN_30080'),
  (30081, N'Lê Hồng Lan', '1951-6-6', N'Nữ', N'Lào Cai', '+84 962339769', 'BN_30081'),
  (30082, N'Đỗ Hoàng Nhật', '1975-1-8', N'Nam', N'Bà Rịa - Vũng Tàu', '+84 940556559', 'BN_30082'),
  (30083, N'Hoàng Quốc Minh', '1980-2-25', N'Nam', N'Quảng Trị', '+84 950806765', 'BN_30083'),
  (30084, N'Bùi Minh Trang', '1976-11-19', N'Nữ', N'Hà Tĩnh', '+84 979355100', 'BN_30084'),
  (30085, N'Nguyễn Hoàng Ngọc', '1957-10-13', N'Nữ', N'Đắk Lắk', '+84 957919319', 'BN_30085'),
  (30086, N'Lê Hồng Tuấn', '1958-6-13', N'Nam', N'Phú Thọ', '+84 917138246', 'BN_30086'),
  (30087, N'Phạm Kim Hùng', '1987-12-7', N'Nam', N'Hà Nam', '+84 959468802', 'BN_30087'),
  (30088, N'Trần Hồng Nhật', '1974-9-10', N'Nam', N'Hà Nội', '+84 911945970', 'BN_30088'),
  (30089, N'Nguyễn Hồng Đức', '1968-5-15', N'Nam', N'Bến Tre', '+84 932955918', 'BN_30089'),
  (30090, N'Đặng Kim Hương', '1977-5-22', N'Nữ', N'Cao Bằng', '+84 995880537', 'BN_30090'),
  (30091, N'Lê Như Lan', '1959-12-24', N'Nữ', N'Bắc Ninh', '+84 984161527', 'BN_30091'),
  (30092, N'Lê Phương Thảo', '1954-4-18', N'Nữ', N'Bình Thuận', '+84 965618480', 'BN_30092'),
  (30093, N'Hồ Hồng Hải', '1995-3-10', N'Nam', N'Sóc Trăng', '+84 920718851', 'BN_30093'),
  (30094, N'Lê Văn Đức', '1965-11-22', N'Nam', N'Hồ Chí Minh', '+84 993360781', 'BN_30094'),
  (30095, N'Nguyễn Phương Hạnh', '1955-4-23', N'Nữ', N'Đắk Lắk', '+84 914386104', 'BN_30095'),
  (30096, N'Phạm Kim Minh', '1963-4-3', N'Nam', N'Quảng Ngãi', '+84 947509933', 'BN_30096'),
  (30097, N'Phạm Hồng Tuấn', '1967-11-23', N'Nam', N'Ninh Thuận', '+84 971685381', 'BN_30097'),
  (30098, N'Phạm Kim Lan', '1968-3-20', N'Nữ', N'Cần Thơ', '+84 958680975', 'BN_30098'),
  (30099, N'Nguyễn Hoàng Lan', '1969-7-16', N'Nữ', N'Đà Nẵng', '+84 960633194', 'BN_30099');


-- Nha Si (10)
INSERT INTO NhaSi (MaNhaSi, TenNhaSi, NgaySinh, GioiTinh, DiaChi, SDT, TaiKhoan, HocVan, AnhDaiDien)
VALUES
  (40000, N'Nguyễn Thanh Tùng', '1987-5-5', N'Nam', N'Quảng Ninh', '+84 965895220', 'NS_30000', N'Thạc Sĩ','https://www.fvhospital.com/wp-content/uploads/2022/02/dr-nguyen-thanh-tung.jpg'),
  (40001, N'Nguyễn Thị Thuỳ An', '1992-7-3', N'Nữ', N'Thanh Hóa', '+84 912263966', 'NS_30001', N'Đại Học','https://nhakhoanhantam.com/stmresource/files/Doctor/bac-si-nguyen-thi-thuy-an.jpg'),
  (40002, N'Nguyễn Thị Xuân Ngọc', '1988-2-6', N'Nữ', N'Bình Phước', '+84 989560950', 'NS_30002', N'Tiến Sĩ','https://elitedental.com.vn/wp-content/uploads/2022/04/6.png'),
  (40003, N'Nguyễn Trung Nghĩa', '1989-4-17', N'Nam', N'An Giang', '+84 980414418', 'NS_30003', N'Tiến Sĩ','https://cdn.youmed.vn/tin-tuc/wp-content/uploads/2019/09/bac-si-nguyen-trung-nghia.jpg'),
  (40004, N'Nguyễn Xuân Thuỷ', '1972-4-12', N'Nam', N'Quảng Trị', '+84 923737986', 'NS_30004', N'Thạc Sĩ','https://ranghammatdrlee.com.vn/upload/element/bs-nguyen-xuan-thuy-left.png'),
  (40005, N'Wade', '1973-11-27', N'Nữ', N'Canada', '+84 917378889', 'NS_30005',  N'Tiến Sĩ','https://acc.vn/wp-content/uploads/2021/04/bac-si-wade-264x300.png'),
  (40006, N'Yến Thanh Quỳnh', '1991-7-15', N'Nữ', N'Long An', '+84 960953420', 'NS_30006', N'Đại học','https://bna.1cdn.6/uploaded-thanhquynhbna-2022_ac_squynh8218266_1632022.jpg');



-- Ca Lam Viec Viec(100)
INSERT INTO CaLamViec (Ngay, GioBatDau, GioKetThuc)
VALUES
  (N'Thứ ba', '16:30', '20:00'),
  (N'Thứ sáu', '07:30', '11:45'),
  (N'Thứ hai', '07:15', '12:00'),
  (N'Thứ năm', '14:15', '19:00'),
  (N'Thứ sáu', '15:45', '19:00'),
  (N'Thứ ba', '13:15', '16:00'),
  (N'Thứ bảy', '08:00', '11:15'),
  (N'Thứ năm', '15:45', '21:30'),
  (N'Thứ bảy', '13:30', '16:30'),
  (N'Thứ hai', '07:30', '12:30'),
  (N'Thứ bảy', '08:45', '12:15'),
  (N'Thứ sáu', '17:15', '22:45'),
  (N'Thứ hai', '09:30', '14:15'),
  (N'Thứ sáu', '07:00', '10:15'),
  (N'Thứ năm', '13:30', '16:00'),
  (N'Thứ ba', '09:00', '13:30'),
  (N'Thứ bảy', '13:30', '16:45'),
  (N'Thứ ba', '09:00', '14:15'),
  (N'Thứ tư', '10:00', '12:45'),
  (N'Thứ tư', '15:15', '17:45'),
  (N'Thứ bảy', '09:45', '15:00'),
  (N'Thứ hai', '15:30', '20:30'),
  (N'Thứ tư', '12:30', '15:15'),
  (N'Thứ năm', '16:30', '21:15'),
  (N'Thứ ba', '12:45', '17:45'),
  (N'Thứ hai', '15:00', '20:30'),
  (N'Thứ năm', '09:15', '12:15'),
  (N'Thứ sáu', '16:45', '22:00'),
  (N'Thứ sáu', '16:45', '19:45'),
  (N'Thứ hai', '13:45', '15:45'),
  (N'Thứ ba', '14:15', '16:45'),
  (N'Thứ năm', '14:45', '17:30'),
  (N'Thứ ba', '12:30', '18:00'),
  (N'Thứ tư', '12:30', '16:15'),
  (N'Thứ sáu', '13:45', '16:30'),
  (N'Thứ ba', '14:30', '20:00'),
  (N'Thứ ba', '13:00', '15:30'),
  (N'Thứ bảy', '07:00', '10:15'),
  (N'Thứ tư', '12:00', '15:00'),
  (N'Thứ bảy', '10:45', '14:00'),
  (N'Thứ sáu', '16:30', '21:30'),
  (N'Thứ bảy', '12:15', '17:30'),
  (N'Thứ hai', '10:00', '14:00'),
  (N'Thứ năm', '17:15', '22:30'),
  (N'Thứ sáu', '13:45', '16:00'),
  (N'Thứ năm', '09:15', '15:00'),
  (N'Thứ bảy', '09:00', '11:00'),
  (N'Thứ tư', '10:45', '15:45'),
  (N'Thứ tư', '06:30', '11:45'),
  (N'Thứ tư', '10:15', '16:00'),
  (N'Thứ sáu', '12:30', '16:00'),
  (N'Thứ tư', '08:30', '14:15'),
  (N'Thứ năm', '17:45', '22:45'),
  (N'Thứ năm', '07:15', '12:15'),
  (N'Thứ tư', '15:30', '20:15'),
  (N'Thứ ba', '15:00', '20:30'),
  (N'Thứ tư', '13:30', '18:15'),
  (N'Thứ ba', '14:30', '19:00'),
  (N'Thứ bảy', '06:30', '12:15'),
  (N'Thứ hai', '08:45', '13:15'),
  (N'Thứ năm', '07:30', '12:30'),
  (N'Thứ ba', '07:30', '11:15'),
  (N'Thứ bảy', '08:30', '13:00'),
  (N'Thứ tư', '11:15', '15:30'),
  (N'Thứ hai', '08:15', '12:00'),
  (N'Thứ bảy', '10:00', '12:00'),
  (N'Thứ ba', '06:15', '09:30'),
  (N'Thứ tư', '07:45', '13:15'),
  (N'Thứ tư', '08:00', '11:30'),
  (N'Thứ ba', '11:15', '13:45'),
  (N'Thứ tư', '14:00', '17:45'),
  (N'Thứ ba', '14:15', '17:00'),
  (N'Thứ năm', '14:45', '20:30'),
  (N'Thứ bảy', '17:30', '22:30'),
  (N'Thứ bảy', '11:00', '14:15'),
  (N'Thứ năm', '06:00', '10:30'),
  (N'Thứ năm', '10:15', '15:15'),
  (N'Thứ hai', '13:45', '16:30'),
  (N'Thứ sáu', '14:00', '16:00'),
  (N'Thứ sáu', '16:30', '21:15'),
  (N'Thứ hai', '12:15', '17:15'),
  (N'Thứ năm', '09:00', '11:00'),
  (N'Thứ hai', '10:00', '13:30'),
  (N'Thứ hai', '11:30', '17:00'),
  (N'Thứ sáu', '08:00', '13:00'),
  (N'Thứ năm', '12:45', '17:00'),
  (N'Thứ ba', '15:30', '19:00'),
  (N'Thứ ba', '08:45', '13:00'),
  (N'Thứ năm', '10:30', '13:00'),
  (N'Thứ năm', '11:45', '17:00'),
  (N'Thứ tư', '09:30', '14:45'),
  (N'Thứ sáu', '10:45', '13:00'),
  (N'Thứ ba', '17:00', '20:00'),
  (N'Thứ năm', '15:15', '20:00'),
  (N'Thứ ba', '07:30', '10:00'),
  (N'Thứ tư', '14:15', '20:00'),
  (N'Thứ ba', '17:30', '22:15'),
  (N'Thứ hai', '06:45', '09:30'),
  (N'Thứ tư', '07:30', '11:00'),
  (N'Thứ ba', '06:30', '10:30');






-- Chi Tiet Ca Lam Viec 
INSERT INTO ChiTietCaLamViec (MaNhaSi, Ngay, GioBatDau, GioKetThuc)
VALUES
  (40000, N'Thứ hai', '13:45', '16:30'),
  (40006, N'Thứ sáu', '08:00', '13:00'),
  (40001, N'Thứ sáu', '14:00', '16:00'),
  (40006, N'Thứ tư', '15:30', '20:15'),
  (40003, N'Thứ tư', '12:30', '16:15'),
  (40000, N'Thứ tư', '07:30', '11:00'),
  (40002, N'Thứ hai', '06:45', '09:30'),
  (40003, N'Thứ hai', '08:45', '13:15'),
  (40004, N'Thứ năm', '09:15', '15:00'),
  (40003, N'Thứ năm', '10:30', '13:00'),
  (40004, N'Thứ ba', '13:00', '15:30'),
  (40005, N'Thứ ba', '13:00', '15:30'),
  (40001, N'Thứ tư', '12:30', '15:15'),
  (40005, N'Thứ sáu', '14:00', '16:00'),
  (40005, N'Thứ năm', '11:45', '17:00'),
  (40004, N'Thứ ba', '07:30', '10:00'),
  (40002, N'Thứ năm', '14:45', '17:30'),
  (40006, N'Thứ năm', '11:45', '17:00'),
  (40004, N'Thứ bảy', '17:30', '22:30'),
  (40001, N'Thứ hai', '08:15', '12:00'),
  (40005, N'Thứ bảy', '06:30', '12:15'),
  (40003, N'Thứ tư', '06:30', '11:45'),
  (40000, N'Thứ ba', '15:30', '19:00'),
  (40005, N'Thứ sáu', '13:45', '16:30'),
  (40000, N'Thứ ba', '08:45', '13:00'),
  (40006, N'Thứ bảy', '08:45', '12:15'),
  (40003, N'Thứ hai', '15:00', '20:30'),
  (40003, N'Thứ ba', '06:15', '09:30'),
  (40006, N'Thứ ba', '15:30', '19:00'),
  (40002, N'Thứ tư', '12:30', '16:15'),
  (40001, N'Thứ năm', '15:45', '21:30'),
  (40003, N'Thứ bảy', '08:45', '12:15'),
  (40006, N'Thứ tư', '09:30', '14:45'),
  (40001, N'Thứ ba', '13:00', '15:30'),
  (40003, N'Thứ bảy', '13:30', '16:30'),
  (40002, N'Thứ hai', '11:30', '17:00'),
  (40002, N'Thứ bảy', '08:00', '11:15'),
  (40003, N'Thứ sáu', '07:30', '11:45'),
  (40000, N'Thứ tư', '12:30', '15:15'),
  (40005, N'Thứ hai', '08:45', '13:15'),
  (40005, N'Thứ bảy', '13:30', '16:45'),
  (40000, N'Thứ bảy', '13:30', '16:45'),
  (40006, N'Thứ ba', '15:00', '20:30'),
  (40001, N'Thứ ba', '07:30', '11:15'),
  (40002, N'Thứ ba', '14:15', '16:45'),
  (40000, N'Thứ bảy', '09:00', '11:00'),
  (40006, N'Thứ ba', '09:00', '13:30'),
  (40004, N'Thứ hai', '15:00', '20:30'),
  (40001, N'Thứ tư', '10:15', '16:00'),
  (40006, N'Thứ sáu', '17:15', '22:45'),
  (40001, N'Thứ bảy', '17:30', '22:30'),
  (40004, N'Thứ sáu', '13:45', '16:00'),
  (40001, N'Thứ bảy', '11:00', '14:15'),
  (40004, N'Thứ tư', '10:45', '15:45'),
  (40000, N'Thứ ba', '14:30', '20:00'),
  (40000, N'Thứ tư', '06:30', '11:45'),
  (40002, N'Thứ bảy', '13:30', '16:45'),
  (40003, N'Thứ năm', '14:45', '17:30'),
  (40002, N'Thứ bảy', '17:30', '22:30'),
  (40000, N'Thứ năm', '09:00', '11:00'),
  (40003, N'Thứ sáu', '15:45', '19:00'),
  (40002, N'Thứ năm', '14:15', '19:00'),
  (40005, N'Thứ sáu', '07:00', '10:15'),
  (40002, N'Thứ sáu', '07:30', '11:45'),
  (40005, N'Thứ năm', '17:45', '22:45'),
  (40002, N'Thứ sáu', '16:30', '21:15'),
  (40005, N'Thứ tư', '12:00', '15:00'),
  (40004, N'Thứ hai', '07:15', '12:00'),
  (40000, N'Thứ hai', '08:15', '12:00'),
  (40000, N'Thứ sáu', '13:45', '16:00'),
  (40003, N'Thứ năm', '17:45', '22:45'),
  (40003, N'Thứ ba', '14:15', '16:45'),
  (40002, N'Thứ bảy', '06:30', '12:15'),
  (40000, N'Thứ bảy', '08:30', '13:00'),
  (40004, N'Thứ bảy', '10:45', '14:00'),
  (40001, N'Thứ ba', '17:00', '20:00'),
  (40005, N'Thứ sáu', '17:15', '22:45'),
  (40001, N'Thứ năm', '10:30', '13:00'),
  (40000, N'Thứ năm', '13:30', '16:00'),
  (40006, N'Thứ hai', '07:15', '12:00'),
  (40005, N'Thứ tư', '15:30', '20:15'),
  (40006, N'Thứ bảy', '08:30', '13:00'),
  (40002, N'Thứ ba', '12:45', '17:45'),
  (40005, N'Thứ ba', '17:00', '20:00'),
  (40006, N'Thứ bảy', '13:30', '16:30'),
  (40006, N'Thứ sáu', '14:00', '16:00'),
  (40002, N'Thứ ba', '07:30', '11:15'),
  (40004, N'Thứ năm', '15:45', '21:30'),
  (40006, N'Thứ năm', '09:00', '11:00'),
  (40003, N'Thứ ba', '11:15', '13:45'),
  (40002, N'Thứ năm', '07:30', '12:30'),
  (40003, N'Thứ bảy', '17:30', '22:30'),
  (40006, N'Thứ hai', '15:00', '20:30'),
  (40001, N'Thứ sáu', '16:30', '21:15'),
  (40005, N'Thứ bảy', '17:30', '22:30'),
  (40006, N'Thứ sáu', '13:45', '16:30'),
  (40004, N'Thứ sáu', '07:00', '10:15'),
  (40001, N'Thứ hai', '15:30', '20:30'),
  (40005, N'Thứ sáu', '10:45', '13:00'),
  (40002, N'Thứ tư', '07:30', '11:00');



-- BenhAn
INSERT INTO BenhAn (MaBenhNhan, MaBenhAn, ChongChiDinhThuoc, TinhTrang)
VALUES
  (30000, 1, N'Allergy Medication', N'Sai khớp cắn'),
  (30001, 2, N'Fever Reducer', N'Sai khớp cắn'),
  (30002, 3, N'Nausea Medication', N'Rối loạn khớp thái dương hàm (TMJ)'),
  (30003, 4, N'Headache Relief', N'Sâu răng'),
  (30004, 5, N'Eye Drops', N'Sai khớp cắn'),
  (30005, 6, N'Cough Lozenges', N'Viêm nha chu'),
  (30006, 7, N'Allergy Nasal Spray', N'Mòn răng'),
  (30007, 8, N'Joint Pain Supplement', N'Rối loạn khớp thái dương hàm (TMJ)'),
  (30008, 9, N'Sleep Aid', N'Nghiến răng'),
  (30009, 10, N'Muscle Relaxant', N'Viêm nướu'),
  (30010, 11, N'Acne Cream', N'Áp xe răng'),
  (30011, 12, N'Paracetamol', N'Viêm nướu'),
  (30012, 13, N'Throat Lozenges', N'Nấm miệng'),
  (30013, 14, N'Sleep Aid', N'Mòn răng'),
  (30014, 15, N'Nasal Spray', N'Áp xe răng'),
  (30015, 16, N'Cold Sore Cream', N'Sai khớp cắn'),
  (30016, 17, N'Motion Sickness Pills', N'Sai khớp cắn'),
  (30017, 18, N'Migraine Relief', N'Nhạy cảm răng'),
  (30018, 19, N'Antihistamine', N'Viêm nướu'),
  (30019, 20, N'Burn Cream', N'Bình thường'),
  (30020, 21, N'Muscle Relaxant', N'Nấm miệng'),
  (30021, 22, N'Throat Lozenges', N'Áp xe răng'),
  (30022, 23, N'Arthritis Relief', N'Nghiến răng'),
  (30023, 24, N'Joint Pain Supplement', N'Rối loạn khớp thái dương hàm (TMJ)'),
  (30024, 25, N'Digestive Enzymes', N'Nhạy cảm răng'),
  (30025, 26, N'Antacid Tablets', N'Nhạy cảm răng'),
  (30026, 27, N'Antibiotics', N'Sai khớp cắn'),
  (30027, 28, N'Fever Reducer', N'Rối loạn khớp thái dương hàm (TMJ)'),
  (30028, 29, N'Motion Sickness Pills', N'Nghiến răng'),
  (30029, 30, N'Vitamin C', N'Viêm nướu'),
  (30030, 31, N'Sleep Aid', N'Bình thường'),
  (30031, 32, N'Throat Lozenges', N'Nghiến răng'),
  (30032, 33, N'Antibiotics', N'Nhạy cảm răng'),
  (30033, 34, N'Sleeping Pills', N'Rối loạn khớp thái dương hàm (TMJ)'),
  (30034, 35, N'Headache Relief', N'Mòn răng'),
  (30035, 36, N'Energy Drink', N'Mòn răng'),
  (30036, 37, N'Headache Relief', N'Nấm miệng'),
  (30037, 38, N'Throat Lozenges', N'Áp xe răng'),
  (30038, 39, N'Throat Lozenges', N'Viêm nướu'),
  (30039, 40, N'Acne Cream', N'Sâu răng'),
  (30040, 41, N'Antibiotics', N'Mòn răng'),
  (30041, 42, N'Hair Growth Vitamins', N'Viêm nha chu'),
  (30042, 43, N'Eye Drops', N'Nghiến răng'),
  (30043, 44, N'Multivitamins', N'Nấm miệng'),
  (30044, 45, N'Multivitamins', N'Viêm nướu'),
  (30045, 46, N'Antibiotics', N'Nhạy cảm răng'),
  (30046, 47, N'Cough Syrup', N'Áp xe răng'),
  (30047, 48, N'Nasal Spray', N'Nghiến răng'),
  (30048, 49, N'Antihistamine', N'Rối loạn khớp thái dương hàm (TMJ)'),
  (30049, 50, N'Anti-Inflammatory', N'Bình thường'),
  (30050, 51, N'Anti-Inflammatory', N'Rối loạn khớp thái dương hàm (TMJ)'),
  (30051, 52, N'Paracetamol', N'Viêm nha chu'),
  (30052, 53, N'Allergy Medication', N'Viêm nha chu'),
  (30053, 54, N'Antihistamine', N'Sai khớp cắn'),
  (30054, 55, N'Stomach Soothing Syrup', N'Bình thường'),
  (30055, 56, N'Cold and Flu Tablets', N'Rối loạn khớp thái dương hàm (TMJ)'),
  (30056, 57, N'Energy Drink', N'Mòn răng'),
  (30057, 58, N'Probiotics', N'Viêm nha chu'),
  (30058, 59, N'Hair Growth Vitamins', N'Nghiến răng'),
  (30059, 60, N'Burn Cream', N'Áp xe răng'),
  (30060, 61, N'Hydrocortisone Cream', N'Nhạy cảm răng'),
  (30061, 62, N'Motion Sickness Pills', N'Sai khớp cắn'),
  (30062, 63, N'Probiotics', N'Sai khớp cắn'),
  (30063, 64, N'Energy Drink', N'Nấm miệng'),
  (30064, 65, N'Hydrocortisone Cream', N'Nấm miệng'),
  (30065, 66, N'Hydrocortisone Cream', N'Sai khớp cắn'),
  (30066, 67, N'Headache Relief', N'Nấm miệng'),
  (30067, 68, N'Cough Syrup', N'Áp xe răng'),
  (30068, 69, N'Burn Cream', N'Áp xe răng'),
  (30069, 70, N'Cold Sore Cream', N'Viêm nướu'),
  (30070, 71, N'Sleep Aid', N'Nhạy cảm răng'),
  (30071, 72, N'Fever Reducer', N'Viêm nha chu'),
  (30072, 73, N'Allergy Nasal Spray', N'Sai khớp cắn'),
  (30073, 74, N'Sleep Aid', N'Áp xe răng'),
  (30074, 75, N'Eye Drops', N'Sâu răng'),
  (30075, 76, N'Eye Drops', N'Nghiến răng'),
  (30076, 77, N'Acne Cream', N'Mòn răng'),
  (30077, 78, N'Headache Relief', N'Viêm nướu'),
  (30078, 79, N'Fever Reducer', N'Rối loạn khớp thái dương hàm (TMJ)'),
  (30079, 80, N'Cough Syrup', N'Viêm nha chu'),
  (30080, 81, N'Herbal Tea', N'Nghiến răng'),
  (30081, 82, N'Multivitamins', N'Áp xe răng'),
  (30082, 83, N'Migraine Relief', N'Mòn răng'),
  (30083, 84, N'Calcium Supplement', N'Nhạy cảm răng'),
  (30084, 85, N'Motion Sickness Pills', N'Sai khớp cắn'),
  (30085, 86, N'Calcium Supplement', N'Nhạy cảm răng'),
  (30086, 87, N'Stomach Soothing Syrup', N'Viêm nha chu'),
  (30087, 88, N'Anti-Inflammatory', N'Nghiến răng'),
  (30088, 89, N'Antihistamine', N'Viêm nha chu'),
  (30089, 90, N'Eye Drops', N'Sâu răng'),
  (30090, 91, N'Anti-Inflammatory', N'Áp xe răng'),
  (30091, 92, N'Antibiotics', N'Nghiến răng'),
  (30092, 93, N'Antibiotics', N'Rối loạn khớp thái dương hàm (TMJ)'),
  (30093, 94, N'Stomach Soothing Syrup', N'Bình thường'),
  (30094, 95, N'Antihistamine', N'Bình thường'),
  (30095, 96, N'Antihistamine', N'Sai khớp cắn'),
  (30096, 97, N'Joint Pain Supplement', N'Áp xe răng'),
  (30097, 98, N'Cough Lozenges', N'Bình thường'),
  (30098, 99, N'Cough Syrup', N'Mòn răng'),
  (30099, 100, N'Calcium Supplement', N'Bình thường');



-- DanhMucDieuTri
INSERT INTO DanhMucDieuTri (MaDieuTri, LoaiDieuTri,DonVi , DonGia, ThoiGianBaoHanh)
VALUES 
    (1, N'Cạo vôi răng', N'Hàm', 400000, N'1 năm'),
    (2, N'Điều trị viêm nha chu Cấp 1-2', N'Răng', 500000, N'1 năm'),
    (3, N'Điều trị tủy', N'Răng', 1000000, N'1 năm'),
    (4, N'Điều trị tủy lại', N'Răng', 2000000, N'1 năm'),
    (5, N'Chốt sợi không kim loại mức 1-2', N'Răng', 900000, N'1 năm'),
    (6, N'Trám răng sữa', N'Răng', 200000, N'1 năm'),
    (7, N'Trám răng thẩm mỹ', N'Răng', 500000, N'1 năm'),
    (8, N'Trám cổ răng', N'Răng', 600000, N'1 năm'),
    (9, N'Nhổ răng sữa', N'Răng', 100000, N'1 năm'),
    (10, N'Nhổ chân răng, răng lung lay', N'Răng', 300000, N'1 năm'),
     (11, N'Nhổ răng cửa R1-2-3', N'Răng', 500000, N'1 năm'),
    (12, N'Nhổ răng nhiều chân R4-5-6-7', N'Răng', 800000, N'1 năm'),
    (13, N'Tiểu phẩu răng khôn – Mọc thẳng', N'Răng', 1000000, N'1 năm'),
    (14, N'Tiểu phẩu răng khôn – Khó độ I', N'Răng', 1800000, N'1 năm'),
    (15, N'Tiểu phẩu răng khôn – Khó độ II', N'Răng', 2500000, N'1 năm'),
    (16, N'Tiểu phẩu răng khôn – Khó độ III', N'Răng', 3500000, N'1 năm'),
    (17, N'Tiểu phẩu răng khôn – Khó độ IV', N'Răng', 5000000, N'1 năm'),
    (18, N'Thuốc tẩy trắng tại nhà', N'1 Ống', 500000, N'1 năm'),
    (19, N'Tẩy trắng răng tại nhà', N'2 Hàm', 1300000, N'1 năm'),
    (20, N'Tẩy trắng răng tại phòng khám', N'2 Hàm', 3000000, N'1 năm'),
     (21, N'Tẩy trắng răng tại phòng khám và tại nhà', N'Liệu trình', 3500000, N'1 năm'),
    (22, N'Răng các loại', N'Răng', 800000, N'1 năm'),
    (23, N'Khung hàm tháo lắp', N'1 Hàm', 5500000, N'1 năm'),
    (24, N'Răng sứ kim loại Titan + Công nghệ SwiftPerfect', N'Răng', 2500000, N'2 năm'),
    (25, N'Răng sứ kim loại Cr-co + Công nghệ SwiftPerfect', N'Răng', 3500000, N'2 năm'),
    (26, N'Răng sứ Sage + Công nghệ SwiftPerfect', N'Răng', 5500000, N'2 năm'),
    (27, N'Răng sứ Bio + Công nghệ SwiftPerfect', N'Răng', 6900000, N'2 năm'),
    (28, N'Răng sứ Sage Shine + Công nghệ SwiftPerfect', N'Răng', 8800000, N'2 năm'),
    (29, N'Răng sứ Bio Shine HT + Công nghệ SwiftPerfect', N'Răng', 10500000, N'2 năm'),
    (30, N'Dán sứ Viva + Công nghệ SwiftPerfect', N'Răng', 6900000, N'2 năm'),
    (31, N'Dán sứ Viva Shine + Công nghệ SwiftPerfect', N'Răng', 8800000, N'2 năm'),
    (32, N'Dán sứ Viva Ultrathin + Công nghệ SwiftPerfect', N'Răng', 12800000, N'2 năm'),
    (33, N'Cấy ghép Implant + Abutment Biotem + Máng định vị in 3D + Công nghệ Safest', N'Trụ', 17000000, N'2 năm'),
    (34, N'Cấy ghép Implant + Abutment Dio + Máng định vị in 3D + Công nghệ Safest', N'Trụ', 17000000, N'2 năm'),
    (35, N'Cấy ghép Implant + Abutment Megagen Anyridge + Máng định vị in 3D + Công nghệ Safest', N'Trụ', 22000000, N'2 năm'),
    (36, N'Cấy ghép Implant + Abutment Swiss + Máng định vị in 3D + Công nghệ Safest', N'Trụ', 29000000, N'2 năm'),
    (37, N'Cấy ghép Implant + Abutment Straumann SLA + Máng định vị in 3D + Công nghệ Safest', N'Trụ', 30000000, N'2 năm'),
    (38, N'Cấy ghép Implant + Abutment Straumann SLA Active + Máng định vị in 3D + Công nghệ Safest', N'Trụ', 34000000, N'2 năm'),
    (39, N'Cấy ghép Implant + Abutment Nobel Active + Máng định vị in 3D + Công nghệ Safest', N'Trụ', 34000000, N'2 năm'),
    (40, N'Công nghệ cấy ghép Implant bằng Robot X-Guide', N'Hàm', 3500000, N'2 năm');
-- LichHen 
INSERT INTO LichHen (MaLichHen, NgayGioHen, Phong, ThoiGianYeuCau, TinhTrang,NhaSiKham, MaBenhNhan, MaDieuTri)
VALUES
  (1, '2023-05-17 13:37', N'I1', '2023-05-17 13:37', N'Đã Khám', 40006, 30000, 3),
  (2, '', N'D2', '2022-07-16 10:51', N'Đã Khám', 40004, 30000, 30),
  (3, '2022-02-02 06:36', N'K1', '2022-02-02 06:36', N'Đã Huỷ', 40006, 30001, 2),
  (4, '2022-07-09 07:06', N'I3', '2022-07-09 07:06', N'Đã Khám', 40006, 30001, 33),
  (5, '2022-11-07 11:07', N'E1', '2022-11-07 11:07', N'Đã Huỷ', 40006, 30002, 40),
  (6, '2022-07-20 14:22', N'A1', '2022-07-20 14:22', N'Đã Duyệt', 40006, 30002, 32),
  (7, '2022-02-17 15:19', N'G1', '2022-02-17 15:19', N'Đã Khám', 40006, 30002, 40),
  (8, '2023-07-20 08:04', N'H2', '2023-07-20 08:04', N'Đã Khám', 40006, 30003, 29),
  (9, '', N'C1', '2022-02-05 10:35', N'Đã Huỷ', 40004, 30004, 23),
  (10, '2022-03-10 14:10', N'K3', '2022-03-10 14:10', N'Đã Khám', 40006, 30004, 25),
  (11, '', N'H2', '2023-01-03 08:03', N'Đã Duyệt', 40004, 30005, 2),
  (12, '2022-05-28 10:14', N'I3', '2022-05-28 10:14', N'Đã Huỷ', 40006, 30005, 1),
  (13, '2023-09-14 15:09', N'A2', '2023-09-14 15:09', N'Đã Duyệt', 40006, 30006, 27),
  (14, '2023-01-06 11:55', N'K3', '2023-01-06 11:55', N'Đã Khám', 40006, 30006, 23),
  (15, '2023-11-13 10:15', N'C3', '2023-11-13 10:15', N'Đã Khám', 40006, 30006, 40),
  (16, '', N'C3', '2023-02-13 15:28', N'Đã Khám', 40005, 30007, 21),
  (17, '2023-10-10 12:11', N'K3', '2023-10-10 12:11', N'Đã Khám', 40006, 30008, 16),
  (18, '', N'G2', '2022-01-09 15:27', N'Chờ Duyệt', 40006, 30009, 29),
  (19, '2022-03-26 15:05', N'B3', '2022-03-26 15:05', N'Đã Duyệt', 40006, 30009, 31),
  (20, '2022-09-08 08:12', N'E1', '2022-09-08 08:12', N'Đã Khám', 40006, 30009, 38),
  (21, '2023-05-16 09:01', N'A1', '2023-05-16 09:01', N'Đã Khám', 40006, 30010, 8),
  (22, '', N'D3', '2022-02-04 09:43', N'Đã Khám', 40005, 30010, 7),
  (23, '2023-12-21 15:44', N'F1', '2023-12-21 15:44', N'Đã Khám', 40006, 30010, 19),
  (24, '', N'D3', '2022-08-05 06:03', N'Chờ Duyệt', 40006, 30011, 11),
  (25, '', N'I1', '2023-01-15 09:26', N'Chờ Duyệt', 40006, 30011, 30),
  (26, '2022-11-29 15:16', N'D2', '2022-11-29 15:16', N'Đã Duyệt', 40006, 30011, 6),
  (27, '', N'D1', '2023-01-26 07:07', N'Chờ Duyệt', 40006, 30012, 1),
  (28, '2022-12-03 09:49', N'D3', '2022-12-03 09:49', N'Đã Duyệt', 40006, 30012, 37),
  (29, '2022-03-24 14:26', N'A2', '2022-03-24 14:26', N'Đã Khám', 40006, 30013, 1),
  (30, '', N'G2', '2022-03-04 15:11', N'Đã Duyệt', 40005, 30014, 13),
  (31, '', N'K3', '2023-07-17 15:07', N'Đã Khám', 40005, 30014, 4),
  (32, '2023-02-02 15:24', N'H1', '2023-02-02 15:24', N'Đã Duyệt', 40006, 30015, 31),
  (33, '', N'E2', '2022-07-31 15:13', N'Chờ Duyệt', 40006, 30015, 4),
  (34, '2022-02-08 11:13', N'E3', '2022-02-08 11:13', N'Đã Huỷ', 40006, 30015, 18),
  (35, '', N'K1', '2023-11-07 06:15', N'Chờ Duyệt', 40006, 30016, 19),
  (36, '', N'I3', '2022-01-25 06:31', N'Đã Khám', 40004, 30016, 7),
  (37, '', N'G3', '2023-10-01 09:45', N'Chờ Duyệt', 40004, 30016, 6),
  (38, '', N'G2', '2023-08-25 15:03', N'Đã Duyệt', 40005, 30017, 16),
  (39, '', N'D3', '2023-09-02 10:43', N'Đã Khám', 40004, 30017, 29),
  (40, '2022-06-08 09:39', N'K2', '2022-06-08 09:39', N'Đã Khám', 40006, 30018, 6),
  (41, '', N'H3', '2022-10-01 12:28', N'Đã Duyệt', 40004, 30018, 8),
  (42, '2022-12-19 11:46', N'G2', '2022-12-19 11:46', N'Đã Huỷ', 40006, 30019, 22),
  (43, '', N'I3', '2023-09-26 07:59', N'Đã Khám', 40004, 30020, 22),
  (44, '2023-10-30 08:00', N'H3', '2023-10-30 08:00', N'Đã Khám', 40006, 30021, 13),
  (45, '', N'B4', '2022-11-04 15:10', N'Đã Khám', 40005, 30022, 16),
  (46, '2022-01-26 14:15', N'K2', '2022-01-26 14:15', N'Đã Khám', 40006, 30022, 3),
  (47, '', N'I3', '2022-09-12 06:41', N'Chờ Duyệt', 40006, 30022, 36),
  (48, '', N'I2', '2022-01-21 14:54', N'Đã Duyệt', 40005, 30023, 5),
  (49, '', N'I1', '2023-06-19 13:50', N'Đã Huỷ', 40005, 30023, 12),
  (50, '', N'K1', '2022-10-16 06:16', N'Chờ Duyệt', 40005, 30024, 38),
  (51, '', N'H1', '2022-08-02 07:57', N'Đã Huỷ', 40004, 30025, 17),
  (52, '2022-06-16 08:15', N'B3', '2022-06-16 08:15', N'Đã Khám', 40006, 30025, 14),
  (53, '', N'H2', '2023-05-27 11:58', N'Đã Khám', 40004, 30025, 10),
  (54, '2023-06-19 15:50', N'D3', '2023-06-19 15:50', N'Đã Huỷ', 40006, 30026, 8),
  (55, '', N'D1', '2022-05-15 08:47', N'Chờ Duyệt', 40006, 30026, 36),
  (56, '', N'A2', '2023-04-21 15:25', N'Đã Duyệt', 40005, 30026, 13),
  (57, '2022-11-07 10:28', N'E2', '2022-11-07 10:28', N'Đã Duyệt', 40006, 30027, 37),
  (58, '', N'F2', '2023-08-26 12:20', N'Đã Khám', 40004, 30027, 5),
  (59, '2022-08-19 16:31', N'E1', '2022-08-19 16:31', N'Đã Duyệt', 40006, 30028, 22),
  (60, '2022-05-11 10:16', N'F2', '2022-05-11 10:16', N'Đã Khám', 40006, 30029, 28),
  (61, '2023-07-08 08:34', N'E3', '2023-07-08 08:34', N'Đã Duyệt', 40006, 30030, 15),
  (62, '2022-02-19 07:42', N'A2', '2022-02-19 07:42', N'Đã Huỷ', 40006, 30031, 8),
  (63, '', N'E1', '2022-12-06 06:30', N'Đã Khám', 40004, 30031, 35),
  (64, '2023-08-02 07:41', N'E2', '2023-08-02 07:41', N'Đã Khám', 40006, 30031, 11),
  (65, '2022-02-02 14:00', N'E3', '2022-02-02 14:00', N'Đã Khám', 40006, 30032, 26),
  (66, '2022-08-11 14:17', N'E3', '2022-08-11 14:17', N'Đã Khám', 40006, 30032, 27),
  (67, '2023-11-28 14:26', N'E2', '2023-11-28 14:26', N'Đã Duyệt', 40006, 30032, 31),
  (68, '2023-09-19 15:11', N'F2', '2023-09-19 15:11', N'Đã Khám', 40006, 30033, 13),
  (69, '', N'D2', '2023-10-29 14:42', N'Chờ Duyệt', 40006, 30034, 28),
  (70, '2022-08-11 14:08', N'A1', '2022-08-11 14:08', N'Đã Huỷ', 40006, 30035, 21),
  (71, '', N'C2', '2022-07-17 11:13', N'Chờ Duyệt', 40006, 30035, 28),
  (72, '', N'K2', '2022-01-02 07:06', N'Chờ Duyệt', 40006, 30035, 38),
  (73, '2022-06-22 14:03', N'G2', '2022-06-22 14:03', N'Đã Khám', 40006, 30036, 1),
  (74, '', N'H1', '2022-12-10 16:31', N'Đã Duyệt', 40005, 30036, 30),
  (75, '', N'K2', '2023-10-20 06:41', N'Chờ Duyệt', 40005, 30036, 29),
  (76, '', N'B3', '2022-02-13 14:31', N'Chờ Duyệt', 40005, 30037, 15),
  (77, '', N'C3', '2022-08-21 08:26', N'Chờ Duyệt', 40005, 30038, 7),
  (78, '2023-08-02 06:56', N'G2', '2023-08-02 06:56', N'Đã Huỷ', 40006, 30038, 29),
  (79, '', N'D3', '2022-03-27 08:46', N'Chờ Duyệt', 40006, 30038, 8),
  (80, '2023-01-02 08:34', N'B4', '2023-01-02 08:34', N'Đã Huỷ', 40006, 30039, 20),
  (81, '2023-05-24 08:24', N'C2', '2023-05-24 08:24', N'Đã Khám', 40006, 30039, 12),
  (82, '', N'G2', '2022-02-04 09:59', N'Đã Huỷ', 40005, 30039, 11),
  (83, '', N'K3', '2022-12-16 15:04', N'Đã Khám', 40005, 30040, 19),
  (84, '2022-06-14 09:41', N'E1', '2022-06-14 09:41', N'Đã Khám', 40006, 30041, 6),
  (85, '', N'F3', '2023-05-23 13:37', N'Đã Khám', 40004, 30041, 11),
  (86, '2022-10-29 09:17', N'E2', '2022-10-29 09:17', N'Đã Duyệt', 40006, 30042, 26),
  (87, '', N'G3', '2023-04-03 13:53', N'Đã Huỷ', 40005, 30042, 25),
  (88, '', N'A2', '2023-11-11 06:51', N'Đã Huỷ', 40003, 30042, 24),
  (89, '2022-06-30 15:20', N'B5', '2022-06-30 15:20', N'Đã Khám', 40006, 30043, 37),
  (90, '2023-11-20 16:28', N'K1', '2023-11-20 16:28', N'Đã Khám', 40006, 30043, 14),
  (91, '', N'D3', '2022-06-10 08:36', N'Đã Duyệt', 40005, 30043, 29),
  (92, '', N'D2', '2022-01-01 06:33', N'Đã Huỷ', 40003, 30044, 27),
  (93, '', N'G2', '2023-08-06 12:54', N'Chờ Duyệt', 40003, 30044, 10),
  (94, '2022-05-09 15:45', N'E1', '2022-05-09 15:45', N'Đã Duyệt', 40006, 30044, 36),
  (95, '2022-06-03 16:59', N'K2', '2022-06-03 16:59', N'Đã Khám', 40006, 30045, 25),
  (96, '', N'K3', '2022-09-26 07:20', N'Đã Khám', 40005, 30045, 21),
  (97, '', N'I1', '2022-10-12 11:54', N'Đã Khám', 40005, 30046, 36),
  (98, '2023-02-22 14:48', N'D3', '2023-02-22 14:48', N'Đã Duyệt', 40006, 30047, 4),
  (99, '2023-09-22 16:34', N'K2', '2023-09-22 16:34', N'Đã Khám', 40006, 30048, 38),
  (100, '', N'E1', '2022-07-24 16:23', N'Chờ Duyệt', 40006, 30048, 1),
  (101, '', N'B4', '2023-05-15 14:26', N'Đã Khám', 40005, 30048, 29),
  (102, '', N'I2', '2023-05-19 13:42', N'Chờ Duyệt', 40005, 30049, 15),
  (103, '2023-02-04 07:37', N'F1', '2023-02-04 07:37', N'Đã Khám', 40006, 30049, 31),
  (104, '', N'K2', '2022-09-01 12:30', N'Đã Duyệt', 40005, 30049, 1),
  (105, '', N'F1', '2023-06-02 10:24', N'Đã Huỷ', 40005, 30050, 1),
  (106, '', N'I1', '2023-05-06 12:53', N'Đã Huỷ', 40004, 30050, 6),
  (107, '2022-08-29 08:59', N'F1', '2022-08-29 08:59', N'Đã Huỷ', 40006, 30051, 6),
  (108, '2023-07-04 11:03', N'B5', '2023-07-04 11:03', N'Đã Khám', 40006, 30051, 31),
  (109, '2022-09-07 08:29', N'D2', '2022-09-07 08:29', N'Đã Duyệt', 40006, 30052, 21),
  (110, '2022-03-16 15:48', N'K3', '2022-03-16 15:48', N'Đã Duyệt', 40006, 30052, 33),
  (111, '2022-01-26 11:15', N'E3', '2022-01-26 11:15', N'Đã Khám', 40006, 30053, 3),
  (112, '', N'H3', '2022-09-27 08:18', N'Đã Duyệt', 40004, 30053, 36),
  (113, '2022-09-07 11:15', N'D3', '2022-09-07 11:15', N'Đã Duyệt', 40006, 30053, 8),
  (114, '', N'E3', '2023-11-10 10:23', N'Đã Huỷ', 40005, 30054, 26),
  (115, '', N'B4', '2022-10-14 09:35', N'Đã Duyệt', 40005, 30054, 18),
  (116, '', N'D2', '2022-12-06 07:53', N'Đã Khám', 40004, 30054, 6),
  (117, '', N'K2', '2022-02-22 07:27', N'Đã Khám', 40004, 30055, 8),
  (118, '', N'C1', '2022-11-20 10:20', N'Chờ Duyệt', 40004, 30056, 2),
  (119, '', N'I2', '2023-05-11 06:59', N'Chờ Duyệt', 40004, 30056, 1),
  (120, '', N'A1', '2023-06-23 13:01', N'Chờ Duyệt', 40004, 30056, 24),
  (121, '2022-06-04 09:30', N'D2', '2022-06-04 09:30', N'Đã Duyệt', 40006, 30057, 37),
  (122, '2022-07-26 11:38', N'D1', '2022-07-26 11:38', N'Đã Khám', 40006, 30057, 10),
  (123, '', N'C3', '2022-04-24 11:29', N'Chờ Duyệt', 40006, 30058, 5),
  (124, '2023-06-13 16:19', N'K1', '2023-06-13 16:19', N'Đã Huỷ', 40006, 30058, 24),
  (125, '', N'K1', '2022-11-07 15:08', N'Đã Khám', 40005, 30059, 5),
  (126, '', N'K2', '2023-02-17 09:42', N'Đã Huỷ', 40005, 30060, 15),
  (127, '2023-07-27 14:18', N'C2', '2023-07-27 14:18', N'Đã Huỷ', 40006, 30061, 14),
  (128, '', N'E3', '2022-12-23 06:20', N'Chờ Duyệt', 40006, 30062, 29),
  (129, '2022-09-09 12:10', N'D1', '2022-09-09 12:10', N'Đã Huỷ', 40006, 30062, 34),
  (130, '2022-05-18 12:35', N'E2', '2022-05-18 12:35', N'Đã Huỷ', 40006, 30063, 29),
  (131, '', N'K3', '2022-03-06 08:30', N'Chờ Duyệt', 40006, 30063, 11),
  (132, '', N'A2', '2022-01-21 07:06', N'Đã Khám', 40002, 30064, 31),
  (133, '', N'A3', '2023-05-24 06:11', N'Chờ Duyệt', 40002, 30065, 20),
  (134, '', N'G1', '2022-06-10 09:16', N'Đã Duyệt', 40005, 30065, 31),
  (135, '2022-02-02 08:45', N'K3', '2022-02-02 08:45', N'Đã Khám', 40006, 30065, 29),
  (136, '', N'B4', '2023-06-02 15:04', N'Đã Huỷ', 40005, 30066, 24),
  (137, '', N'E3', '2022-04-24 06:28', N'Chờ Duyệt', 40005, 30066, 10),
  (138, '2023-12-12 11:27', N'H2', '2023-12-12 11:27', N'Đã Duyệt', 40006, 30067, 22),
  (139, '2023-08-14 11:10', N'B4', '2023-08-14 11:10', N'Đã Duyệt', 40006, 30067, 6),
  (140, '2023-10-16 11:56', N'B4', '2023-10-16 11:56', N'Đã Khám', 40006, 30067, 15),
  (141, '2023-03-16 10:52', N'F3', '2023-03-16 10:52', N'Đã Khám', 40006, 30068, 13),
  (142, '2023-02-22 11:27', N'C2', '2023-02-22 11:27', N'Đã Khám', 40006, 30068, 11),
  (143, '2023-05-26 16:42', N'I1', '2023-05-26 16:42', N'Đã Khám', 40006, 30068, 1),
  (144, '2023-12-11 09:41', N'D2', '2023-12-11 09:41', N'Đã Khám', 40006, 30069, 5),
  (145, '', N'G1', '2023-04-05 16:43', N'Đã Huỷ', 40002, 30069, 31),
  (146, '', N'E1', '2023-03-27 13:51', N'Đã Khám', 40005, 30069, 10),
  (147, '', N'A2', '2023-01-15 14:01', N'Chờ Duyệt', 40005, 30070, 9),
  (148, '2022-12-21 16:08', N'F2', '2022-12-21 16:08', N'Đã Khám', 40006, 30070, 16),
  (149, '2023-01-14 07:33', N'H2', '2023-01-14 07:33', N'Đã Huỷ', 40006, 30071, 16),
  (150, '', N'C1', '2022-07-11 12:47', N'Đã Khám', 40005, 30071, 21),
  (151, '2022-07-16 13:42', N'H1', '2022-07-16 13:42', N'Đã Khám', 40006, 30071, 11),
  (152, '2023-08-11 16:32', N'A1', '2023-08-11 16:32', N'Đã Khám', 40006, 30072, 2),
  (153, '', N'I3', '2023-12-17 10:46', N'Chờ Duyệt', 40006,  30072, 26),
  (154, '', N'G2', '2022-01-09 09:03', N'Chờ Duyệt', 40006, 30073, 5),
  (155, '', N'B3', '2022-12-08 12:28', N'Đã Khám', 40005, 30073, 31),
  (156, '', N'G1', '2023-03-03 13:41', N'Chờ Duyệt', 40005, 30073, 33),
  (157, '', N'G2', '2023-09-19 08:25', N'Đã Khám', 40004, 30074, 34),
  (158, '', N'E1', '2022-06-23 06:06', N'Chờ Duyệt', 40004, 30074, 30),
  (159, '', N'D2', '2022-04-03 06:18', N'Chờ Duyệt', 40004, 30075, 38),
  (160, '', N'D1', '2023-04-14 13:44', N'Chờ Duyệt', 40004, 30075, 10),
  (161, '2022-05-02 08:31', N'D3', '2022-05-02 08:31', N'Đã Khám', 40006, 30075, 19),
  (162, '2023-10-02 10:07', N'G2', '2023-10-02 10:07', N'Đã Khám', 40006, 30076, 22),
  (163, '', N'G1', '2023-07-09 12:34', N'Chờ Duyệt', 40006, 30077, 33),
  (164, '', N'B4', '2023-07-21 10:31', N'Đã Khám', 40005, 30077, 25),
  (165, '', N'I1', '2023-12-22 07:22', N'Đã Khám', 40002, 30077, 12),
  (166, '2023-05-19 15:46', N'K3', '2023-05-19 15:46', N'Đã Huỷ', 40006, 30078, 18),
  (167, '', N'G3', '2022-08-14 14:35', N'Chờ Duyệt', 40006, 30078, 32),
  (168, '2023-02-02 14:09', N'I1', '2023-02-02 14:09', N'Đã Huỷ', 40006, 30079, 32),
  (169, '2022-05-24 12:35', N'I2', '2022-05-24 12:35', N'Đã Khám', 40006, 30080, 12),
  (170, '', N'F3', '2022-02-13 06:40', N'Chờ Duyệt', 40006, 30081, 24),
  (171, '', N'G2', '2022-08-11 13:04', N'Đã Duyệt', 40003, 30082, 6),
  (172, '', N'I2', '2023-05-27 13:01', N'Đã Duyệt', 40002, 30082, 36),
  (173, '2022-01-05 12:31', N'G3', '2022-01-05 12:31', N'Đã Khám', 40006, 30083, 25),
  (174, '2022-06-16 07:39', N'D3', '2022-06-16 07:39', N'Đã Duyệt', 40006, 30084, 26),
  (175, '2023-05-30 15:27', N'K1', '2023-05-30 15:27', N'Đã Duyệt', 40006, 30085, 9),
  (176, '', N'K2', '2023-09-23 11:52', N'Đã Duyệt', 40004, 30086, 33),
  (177, '2022-11-24 14:09', N'B3', '2022-11-24 14:09', N'Đã Huỷ', 40006, 30087, 12),
  (178, '', N'D2', '2023-09-10 14:03', N'Chờ Duyệt', 40006, 30087, 26),
  (179, '2023-06-14 15:53', N'G2', '2023-06-14 15:53', N'Đã Duyệt', 40006, 30088, 1),
  (180, '', N'A1', '2022-04-15 08:44', N'Đã Huỷ', 40005, 30088, 2),
  (181, '2023-09-07 07:46', N'B5', '2023-09-07 07:46', N'Đã Khám', 40006, 30089, 5),
  (182, '', N'I2', '2022-03-18 06:57', N'Chờ Duyệt', 40006, 30089, 20),
  (183, '2022-08-13 07:15', N'I1', '2022-08-13 07:15', N'Đã Duyệt', 40006, 30090, 38),
  (184, '2023-11-25 13:43', N'B3', '2023-11-25 13:43', N'Đã Khám', 40006, 30091, 16),
  (185, '', N'B3', '2022-01-13 13:00', N'Đã Khám', 40005, 30092, 28),
  (186, '', N'A2', '2022-12-23 09:35', N'Đã Khám', 40005, 30093, 11),
  (187, '', N'D1', '2022-05-16 12:53', N'Đã Khám', 40005, 30093, 33),
  (188, '', N'A2', '2023-08-08 07:45', N'Đã Huỷ', 40004, 30093, 24),
  (189, '2023-08-24 08:30', N'C2', '2023-08-24 08:30', N'Đã Huỷ', 40006, 30094, 39),
  (190, '2022-12-24 08:14', N'H1', '2022-12-24 08:14', N'Đã Duyệt', 40006, 30094, 10),
  (191, '', N'H2', '2022-12-17 11:28', N'Đã Khám', 40004, 30095, 18),
  (192, '2022-04-26 15:53', N'E2', '2022-04-26 15:53', N'Đã Huỷ', 40006, 30096, 38),
  (193, '', N'G2', '2023-03-11 13:14', N'Đã Huỷ', 40002, 30096, 28),
  (194, '', N'E2', '2022-06-03 08:41', N'Đã Khám', 40005, 30096, 30),
  (195, '', N'C1', '2022-02-19 13:11', N'Đã Huỷ', 40002, 30097, 3),
  (196, '2022-09-22 13:45', N'E3', '2022-09-22 13:45', N'Đã Khám', 40006, 30098, 10),
  (197, '2022-09-03 14:35', N'A2', '2022-09-03 14:35', N'Đã Khám', 40006, 30098, 20),
  (198, '2023-01-09 08:24', N'G3', '2023-01-09 08:24', N'Đã Khám', 40006, 30098, 12),
  (199, '', N'B4', '2023-04-14 09:12', N'Đã Huỷ', 40005, 30099, 36);





-- Set mật khẩu cho các USER (mặc định 12345)
UPDATE QuanTriVien
SET  MatKhau='$2a$12$klF5uqLxhhvWT6Ps1Yx.t.gikpVz0oQNLh9wsL7cwoi1SESx81/c2'

UPDATE NhanVien
SET  MatKhau='$2a$12$klF5uqLxhhvWT6Ps1Yx.t.gikpVz0oQNLh9wsL7cwoi1SESx81/c2'

UPDATE NhaSi
SET  MatKhau='$2a$12$klF5uqLxhhvWT6Ps1Yx.t.gikpVz0oQNLh9wsL7cwoi1SESx81/c2'

UPDATE BenhNhan
SET  MatKhau='$2a$12$klF5uqLxhhvWT6Ps1Yx.t.gikpVz0oQNLh9wsL7cwoi1SESx81/c2'
